config_name,batch_size,avg_total_latency_ns,std_total_latency_ns,median_total_latency_ns,p5_total_latency_ns,p95_total_latency_ns,avg_per_item_latency_ns,measured_fpr,memory_usage_bytes,avg_predictor_data_movement_time,std_predictor_data_movement_time,avg_predictor_inference_time,std_predictor_inference_time,avg_backup_bf_time,std_backup_bf_time,avg_backup_bf_time_per_key,std_backup_bf_time_per_key
FastPLBF_N1000_k10_F1.0E-02_HF4096,1,447143.35,67041.72703016266,419087.0,411344.6,495443.80000000016,447143.35,,267300,9.3039e-05,1.7004357899637002e-05,0.0001824973,3.485354101484789e-05,1.4885350537952036e-05,6.969769965672928e-06,1.4885350537952036e-05,6.969769965672928e-06
FastPLBF_N1000_k10_F1.0E-02_HF4096,8,832829.95,1446876.4974795107,489920.0,481492.8,967224.6000000045,104103.74375,,267300,0.00011343075,2.2298785158967504e-05,0.0005067003,0.0014106802978231573,4.763820470543578e-05,7.651663925198246e-06,5.954775588179473e-06,2.9593982570126516e-06
FastPLBF_N1000_k10_F1.0E-02_HF4096,64,1194418.85,122233.5776222914,1142271.5,1120157.45,1360111.0000000002,18662.79453125,,267300,0.00025986785,2.023355936446337e-05,0.0003343927,6.820426166041316e-05,0.00034004686458501967,2.5847528050254362e-05,5.313232259140932e-06,1.9070731402117448e-06
FastPLBF_N1000_k10_F1.0E-02_HF4096,256,3461396.35,62531.10156956002,3445152.0,3412911.95,3510831.95,13521.0794921875,,267300,0.0006991446,1.5976356884636214e-05,0.00096283995,5.1954534944633625e-05,0.0012935455226397608,1.6927466868873635e-05,5.052912197811566e-06,1.4050462631580181e-06
FastPLBF_N1000_k10_F1.0E-02_HF4096,1024,12831031.55,774012.8747985687,12559376.0,12318244.8,13808327.000000002,12530.304248046876,,267300,0.0023377528,0.00030290930688219644,0.00390587835,9.826969516658835e-05,0.00515849872972467,0.0004360246055599185,5.037596415746748e-06,1.3952207272679903e-06
