config_name,batch_size,avg_total_latency_ns,std_total_latency_ns,median_total_latency_ns,p5_total_latency_ns,p95_total_latency_ns,avg_per_item_latency_ns,measured_fpr,memory_usage_bytes,avg_predictor_data_movement_time,std_predictor_data_movement_time,avg_predictor_inference_time,std_predictor_inference_time,avg_backup_bf_time,std_backup_bf_time,avg_backup_bf_time_per_key,std_backup_bf_time_per_key
FastPLBF_N1000_k10_F1.0E-02_HF4096,1,140572.85,67652.376619299,121939.5,118915.15,172814.75000000017,140572.85,0.008259002312520648,267386,,,0.00010450845,5.8274182089114415e-05,1.1212948447791859e-05,2.593702248208492e-06,1.1212948447791859e-05,2.593702248208492e-06
FastPLBF_N1000_k10_F1.0E-02_HF4096,8,247558.6,91626.63820860464,222012.5,217442.2,281396.65000000026,30944.825,0.008259002312520648,267386,,,0.00016432385,7.537393572489449e-05,4.6762495185248556e-05,3.950419953922306e-06,5.8453118981560696e-06,2.275599369927083e-06
FastPLBF_N1000_k10_F1.0E-02_HF4096,64,805891.65,99755.40395823703,776464.0,757341.4,870136.4500000003,12592.05703125,0.008259002312520648,267386,,,0.0003695315,7.596619757047072e-05,0.0003270659944973886,1.52782276841423e-05,5.110406164021697e-06,1.7476874673498047e-06
FastPLBF_N1000_k10_F1.0E-02_HF4096,256,3642049.6,456974.3900090544,3462923.0,3353062.05,4768387.95,14226.75625,0.008259002312520648,267386,,,0.00184679085,0.0001049671508983318,0.0014147932051855605,0.000346033390119133,5.526535957756096e-06,2.177558148157699e-06
FastPLBF_N1000_k10_F1.0E-02_HF4096,1024,11473159.85,430357.1847601252,11310173.5,11189085.45,12601736.2,11204.257666015625,0.008259002312520648,267386,,,0.00543765605,0.0004442953508900032,0.0048877168832405,3.91146517986719e-05,4.773161018789551e-06,1.0600054032375341e-06
